,smiles,logP,qed,SAS
0,FC(F)(F)c1ccc2c(c1)N(CCCN1CCN(CCC3OCCCO3)CC1)c1ccccc1S2.O=C(O)CCC(=O)O,5.4047000000000045,0.35671672939156646,2.9385886260933276
1,CC(=O)[C@H]1CC[C@H]2[C@@H]3C[C@H](C)C4=CC(=O)CC[C@]4(C)[C@H]3[C@@H](O)C[C@]12C,3.9403000000000032,0.783702358223521,4.460475706260052
2,c1ccc(-c2nc(N3CCNCC3)cc3ccccc23)cc1,3.3114000000000017,0.7842534501838025,2.0215408397042385
3,NC(=O)N1c2ccccc2C=Cc2ccccc21,3.3872000000000018,0.7483634501218209,2.2597473786546356
4,CCC1(c2ccccc2)C(=O)N(COC)C(=O)N(COC)C1=O,1.333,0.7392468432542614,2.759454058688119
5,CC(=O)Oc1ccc2c3c1O[C@H]1[C@@H](OC(C)=O)C=C[C@H]4[C@@H](C2)N(C)CC[C@@]341,1.9886,0.4513002015208058,5.2696697078396895
6,O=c1ccn(C2OC(CO)C(O)C2O)c(=O)[nH]1,-2.8519,0.4435105912731592,3.4839049824931045
7,C#CC(O)(/C=C/Cl)CC,1.5132,0.5829710350354784,4.770847466104781
8,C=CC1CNCCC1CCCc1ccnc2ccc(OC)cc12,3.977800000000003,0.8195894390273724,3.333859443687855
9,CC(=O)c1ccc(C(O)C(CO)NC(=O)C(Cl)Cl)cc1,1.2033999999999998,0.5429803675737823,3.0316825254386917
10,CC1=C2C(c3cccc(Cl)c3)=NCCN=C2N(C)N1,2.2652,0.8533462701720145,3.0285130460886194
11,CN1CCC2=C(C1)c1ccccc1Cc1ccccc12,3.837100000000003,0.6962562406518039,2.3077848957825715
12,CCOC(=O)N(Cc1ccccc1)C1CC1,2.807500000000001,0.77891547632613,1.7640715522714103
13,CCC(C)(C)C,2.442500000000001,0.4244820558666797,1.9944749269843864
14,C=COC=C,1.29,0.4446626309457236,4.5498840035901384
15,CCN1CCc2[nH]c3cc(F)c4scc(C)c4c3c2C1,4.208120000000004,0.7104950812197967,2.982411341950142
16,NC(=O)CN1Cc2ccccc2OC1=O,0.4863,0.7647042212700311,2.409113338584138
17,CC(C)Oc1ccccc1N1CCN(Cc2cccc(C(=O)N3CCCCC3)c2)CC1.O=C(O)CCC(=O)O,4.357900000000003,0.48380347650042044,2.345005244536832
18,CN(C)CCCC1(c2ccc(F)cc2)OCc2cc(C#N)ccc21,3.812980000000003,0.8388667572429985,3.0953406260406
19,O=C1CN=C(c2ccccc2)c2cc([N+](=O)[O-])ccc2N1,2.3842999999999996,0.6771088741597445,2.2824459281244778
20,CCc1ccccc1,2.2490000000000006,0.5147578217927745,1.0
21,COc1cc(C(C)=O)ccc1OCCCN1CCC(c2noc3cc(F)ccc23)CC1,4.826600000000004,0.3798624175213931,2.377831620629191
22,CN(C)C(=O)C(CCN1CCC(O)(c2ccc(Cl)cc2)CC1)(c1ccccc1)c1ccccc1,5.088000000000005,0.5163157587714763,2.548578237545936
23,CC(=O)O[C@]1(C(C)=O)CC[C@H]2[C@@H]3C[C@H](C)C4=CC(=O)C=C[C@]4(C)[C@@]3(F)[C@@H](O)C[C@@]21C,3.494100000000002,0.6945533405618345,4.714614430423408
24,Cc1cn([C@H]2C=C[C@@H](CO)O2)c(=O)[nH]c1=O,-0.7090799999999999,0.6498890462135971,3.582011471393738
25,OCCN1CCN(CC/C=C2/c3ccccc3Sc3ccc(Cl)cc32)CC1,4.2363000000000035,0.6926572562952837,2.4988211906598323
26,CN1CCCc2cccc(OCC3CNCCO3)c21,1.4362,0.893434388645128,3.0438682232350853
27,CCC1(O)CCN2CCc3ccc(C)cc3C2C1,2.8291200000000014,0.822135979895141,3.2821787922553387
28,O=C1c2ccccc2S(=O)(=O)N1CCCCN1CCN(c2ncccn2)CC1.[Cl-],-1.772499999999995,0.495056860543808,2.567009949663815
29,CC(C)[C@H](N)C(=O)OCCOCn1cnc2c(=O)nc(N)[nH]c21,-0.7975999999999985,0.44214276395859164,3.2294318548822023
30,CCNC1(c2ccccc2)CCCCC1,3.4555000000000025,0.793020937518007,2.1230401118109086
31,CN1C(=O)CC(c2ccccc2)C1=O,1.1588999999999998,0.621507214134734,2.401191940635165
32,c1ccc(C2(N3CCCCC3)CCCCC2)cc1,4.331900000000004,0.7469327757845524,2.1336615798380674
33,CCCCCCCCCCCCCC(=O)O[C@H]1C=C[C@H]2[C@H]3Cc4ccc(OCc5ccccc5)c5c4[C@@]2(CCN3C)[C@H]1O5,8.323500000000008,0.1126198694436222,5.217771876119878
34,CC(C(=O)c1ccccc1)N(C)C,1.8194000000000001,0.656288213595937,2.2177599637853262
35,O=C(Oc1ccccc1C(=O)O)c1ccccc1O,2.309600000000001,0.6515507183057149,1.6986193353967955
36,C[C@@H]1CN2CC(=O)Nc3ccc(Cl)cc3[C@]2(c2ccccc2)O1,3.2139000000000015,0.8736609010062515,3.4437852865017575
37,CCC[C@]1(c2cccc(O)c2)CCN(C)C[C@@H]1C,3.4017000000000017,0.8845869565176264,3.3530122402191394
38,CNCC[C@@H](Oc1ccccc1C)c1ccccc1,3.7246200000000034,0.8489950317721322,2.3105226438145046
39,CO/N=C(\C(=O)N[C@@H]1C(=O)N2C(C(=O)O)=C(CSc3nc(=O)c(=O)[nH]n3C)CS[C@H]12)c1csc(N)n1,-1.6112999999999973,0.09529800454941457,4.114025699914303
40,O=C1CN2CCOC2(c2ccccc2Cl)c2cc(Cl)ccc2N1,3.4788000000000023,0.8571752049582555,3.1589022844526333
41,CN(C)CCN1CCN(c2cccc(Cl)c2)C1=O,2.1436,0.8357568014153244,2.144188656761145
42,CN(C)CCCN1c2ccccc2CCc2ccc(C#N)cc21,3.746680000000003,0.8616273574857513,2.2331782345122946
43,CN1CCCN(C(c2ccccc2)c2ccc(Cl)cc2)CC1,4.066900000000003,0.8424641571336473,2.2558723415676543
44,CCN1C(=O)NC(c2ccccc2)C1=O,1.2993999999999999,0.7380128478007799,2.5289438820309673
45,NC(N)=NC(=O)c1nc(Cl)c(N)nc1N,-1.2919999999999998,0.34409154985497703,2.875933118803916
46,Cc1ccccc1C(OCCN(C)C)c1ccccc1,3.662620000000003,0.7932087270574181,2.380220485743994
47,CC(CN1CCOCC1)C(C(=O)N1CCCC1)(c1ccccc1)c1ccccc1,3.5634000000000023,0.7535438022154654,2.877558037689452
48,CN(CCc1cc2cccc3c2n1-c1ccccc1CC3)Cc1ccccc1,5.403600000000005,0.45879363302879694,2.3660468403067796
49,CC(c1noc2ccc(Cl)cc12)n1ccnc1,3.2870000000000026,0.697993777693833,3.252121301111563
50,CN1CCN(/C=C2\N=C3CN=C(c4ccccc4Cl)c4cc([N+](=O)[O-])ccc4N3C2=O)CC1,2.9331000000000014,0.395190296065005,3.050616004481589
51,CCCCC,2.1965000000000003,0.4687855098011332,1.699621281696647
52,CCC(C)C(C)(COC(N)=O)COC(=O)NC(C)C,2.2687,0.7447011306261556,3.5521141659150084
53,OCCN1CCN(CCCN2c3ccccc3Sc3cc(Cl)cnc32)CC1,3.3377000000000017,0.796068240167456,2.5421193406111477
54,CCS(=O)(=O)c1ccc(F)cc1,1.6193000000000002,0.6607494955019171,1.6005593498693749
55,CCCCCNCC(N)=O,0.2515,0.5249914441049913,1.9374027000088478
56,Cc1ccc2c(c1)C1CN(C)CCC1N2,2.20822,0.6936086446451956,3.1736731029774745
57,O=C1CN2CCOC2(c2ccccc2F)c2cc(Cl)ccc2N1CCO,2.3513000000000006,0.8931096040475427,3.2149587558092145
58,CC(=O)OCC1=CO[C@@H](OC(=O)CC(C)C)[C@H]2C1=C[C@H](OC(=O)CC(C)(C)OC(C)=O)[C@]21CO1,2.3478000000000003,0.27556875596998526,5.239340686674918
59,C=C1CC2C3C=CC4=CC(=O)CCC4(C)C3C(O)CC2(C)[C@@]1(O)C(=O)CO,1.7236999999999996,0.6418402177877373,4.924137808948047
60,C=CCC1(C(C)C)C(=O)NC(=O)NC1=O,0.5709000000000001,0.5279211833596782,3.1157130004607207
61,CN(C)CCc1c[nH]c2ccc(O)cc12,1.9776,0.8020662375938549,2.124749602320401
62,CC(C)(C)OC(=O)CCCc1ccc(N(CCCl)CCCl)cc1,4.635000000000004,0.4748208495574166,2.3230892235232847
63,C[N+](C)(C)CCO,-0.3150999999999999,0.47618393148924254,3.0037783376553016
64,OCCN1CCCN(CCCN2c3ccccc3Sc3cc(C(F)(F)F)ccc32)CC1.[Cl-].[Cl-],-1.293799999999996,0.5105035986885096,2.7099921865646444
65,CC(C)CCNCC1COc2ccccc2O1,2.4621000000000004,0.795237336195538,2.5675759321947655
66,CC(CN(C)C)CN1c2ccccc2Sc2ccccc21,4.487000000000004,0.8210774052142695,2.7039943836592215
67,Nc1nc(=O)c2ncn(CCC(CO)CO)c2[nH]1,-1.3073,0.5232780259906572,2.885575425991915
68,CCC[C@@H]1O[C@@H]2C[C@H]3[C@@H]4C[C@H](F)C5=CC(=O)CC[C@]5(C)[C@@]4(F)[C@@H](O)C[C@]3(C)[C@]2(C(=O)CO)O1,2.9809000000000023,0.6591289923360497,5.144558609463354
69,CCn1nnn(CCN2CC[C@H](N(C(=O)COC)c3ccccc3F)[C@H](C)C2)c1=O,0.988800000000001,0.633212281926358,3.6161270887236583
70,CCN1CCCC1CNC(=O)c1cc(S(N)(=O)=O)ccc1OC,0.5567000000000012,0.7869434425499668,2.5667065801569287
71,CCCCCCN1CCC(C(=O)N(C)CC)(c2ccccc2)CC1,4.078800000000004,0.6706363700324794,2.3014298628135474
72,Nc1ccc(-c2nc3ccc(O)cc3s2)cc1I,3.8557000000000006,0.5067265501970214,2.382771082100513
73,CN(C)CCCN1c2ccccc2C(c2ccccc2)=Nc2cccnc21,4.653900000000004,0.6665859832007728,2.3071483571642144
74,COCCc1ccc(OCC(O)CNC(C)C)cc1,1.6132,0.7135696186852984,2.3863470797559216
75,OC[C@@H](O)[C@H]1OC2O[C@H](C(Cl)(Cl)Cl)O[C@@H]2[C@H]1O,-0.46290000000000026,0.5982051890137444,4.80063617570645
76,O=C1CCC(C(=O)NC2CC2c2ccccc2)N1,0.9372999999999998,0.830952247715644,3.121793461321756
77,CN1CCC2=C(CC1)c1ccccc1N(C)c1ccccc12,4.404300000000004,0.70911346402124,2.3219223956482953
78,O=C1CCN=C2CC(c3ccccc3)CN12,1.8047,0.7013193899668939,3.103828305678493
79,COc1ccc2c(c1OC)[C@]13CCN(C)[C@H](C2)[C@]1(O)CC[C@@H](O)C3,1.4776999999999998,0.8583249718076519,4.604522652923601
80,COc1ccc2c(c1)N(CCC1CCCCN1C)c1ccccc1S2,5.172300000000005,0.7519481920873915,2.7625621047777713
81,CCOC(=O)C1N=C(c2ccccc2F)c2cc(Cl)ccc2NC1=O,3.2003000000000013,0.6747919479809409,2.9467017796234742
82,NC(=O)C1(N2CCCCC2)CCN(CCCN2c3ccccc3CCc3ccc(Cl)cc32)CC1,4.772600000000004,0.6464680161055112,2.6747629106048354
83,CCCCNC(=O)OCC(C)(CCC)COC(N)=O,2.4144,0.6315993675208099,2.997009028018537
84,O=C(O)c1cc(=O)c2ccccc2[nH]1,1.2262999999999997,0.7082189424852452,1.9182924200116656
85,CCCN(CCC)CCc1ccc(O)c2c1CC(=O)N2,2.5513000000000003,0.7525306207829541,2.641592993193635
86,C[C@H]1[C@H](c2ccccc2)OCCN1C,2.0782,0.6735555473027663,2.9722657845347484
87,O=C1NCN(c2ccccc2)C12CCN(CC1COc3ccccc3O1)CC2,2.2549,0.8866479533158794,3.411492833860045
88,CN1CCCCC1CCN1c2ccccc2Sc2ccc(S(C)=O)cc21,4.901100000000005,0.7454999719210017,3.392433688306271
89,C=CCC1(CC(C)(C)C)C(=O)NC(=O)NC1=O,1.3510999999999997,0.5753708556988948,3.098409938483913
90,NC(=O)C1(N2CCCCC2)CCN(CCCC(=O)c2ccc(F)cc2)CC1,2.5944000000000003,0.7441541854452977,2.412352335464396
91,CCC1(C2=CCCCC2)C(=O)NC(=O)NC1=O,1.2491999999999996,0.5593503134569083,2.964583112118788
92,CCCCN/C(=C1/C=C(Cl)C=CC1=O)c1ccccc1Cl,4.7024000000000035,0.6286024229486968,2.4786921210840607
93,CCCN(c1ccncc1)n1ccc2ccccc21.[Cl-],0.7199999999999995,0.7047253601609188,2.6599684269703854
94,CCCN(CCC)C(=O)Cc1c(-c2ccc(Cl)cc2)nc2ccc(Cl)cn12,5.4992000000000045,0.521626059864426,2.3977425610283056
95,CCN1CCCC1CNC(=O)c1cc(S(=O)(=O)CC)c(N)cc1OC,1.2851000000000006,0.7023165228263907,2.8871239903539188
96,OC[C@H]1O[C@@H](n2cnc3c2NC=NC[C@H]3O)C[C@@H]1O,-0.9890000000000005,0.5477635402256686,4.441045872605159
97,CCCCSc1ccc(C(SCCN(C)C)c2ccccc2)cc1,5.963000000000006,0.3802992091344336,2.7304636341067017
98,N[C@@H](Cc1c[nH]c2ccccc12)C(=O)O,1.1223000000000003,0.7005840997557369,2.300633991921078
99,CN1C(=O)CCC1c1cccnc1,1.3749,0.6472008557238369,2.7416201598055245
100,C[C@@H]1C[C@H]2[C@@H]3CCC4=CC(=O)C=C[C@]4(C)[C@@]3(F)[C@@H](O)C[C@]2(C)[C@H]1C(=O)CO,2.7808000000000015,0.7771649436279086,4.695790722010068
101,CC(C)(C)NC(=O)C1CC2CCCCC2CN1CC(O)C(Cc1ccccc1)NC(=O)C(CC(N)=O)NC(=O)c1ccc2ccccc2n1,3.092400000000003,0.19750207121883467,4.237835015244228
102,C=C1C[C@H](C)[C@H]2[C@H]3Cc4ccc(O)cc4[C@@]2(CCN3CC2CCC2)C1,4.662800000000004,0.7933034471802702,4.766173477859374
103,CN(C)CCN1C(=O)c2ccccc2N(C)c2ccccc21,2.976300000000001,0.8707631556803019,2.0479513968889904
104,O=C1C[C@H]2SC(C3(O)CN4C(=O)C[C@H]4S3)CN12,-0.34599999999999986,0.6614643686417199,5.079890433998121
105,CC[C@]1(O)C[C@H]2CN(CCc3c([nH]c4ccccc34)[C@@](C(=O)OC)(c3cc4c(cc3OC)N(C=O)[C@H]3[C@@](O)(C(=O)OC)[C@H](OC(C)=O)[C@]5(CC)C=CCN6CC[C@]43[C@@H]65)C2)C1,3.5175000000000027,0.1310247762677446,7.261440342425036
106,OC(CN1CCCCC1)c1cc(-c2ccccc2)on1,2.860900000000001,0.929471534965792,2.633891617288633
107,FC(F)(Cl)C(F)(F)Cl,2.6495999999999995,0.4197132452520627,2.7649576376834624
108,CC(=O)OCC(=O)OCC/C(SC(=O)c1ccco1)=C(/C)N(C=O)Cc1cnc(C)nc1N,2.22012,0.37466640911123816,3.4317556692358213
109,CCC(C)(C)O,1.1673,0.5097634659284825,2.145824039410421
110,C[S+](CC[C@H](N)C(=O)[O-])C[C@H]1O[C@@H](n2cnc3c(N)ncnc32)[C@H](O)[C@@H]1O,-3.256899999999996,0.34496993620130295,4.7565494434378035
111,CN(C)CC1=Cc2ccccc2Sc2ccccc21,4.253400000000004,0.7998217058031644,2.4992318805874536
112,CCN(CC)CCCC(C)Nc1ccnc2cc(Cl)ccc12,4.810600000000004,0.75641175721287,2.670786229594949
113,CN1CCC(C)(CN2c3ccccc3Sc3ccccc32)C1,4.631100000000004,0.798215471558711,3.0403175338753465
114,CC(NC(C)(C)C)C(=O)c1cccc(Cl)c1,3.2993000000000023,0.8204937720146613,2.5366878100039543
115,CC(=O)OC(c1ccccc1)C1CCCCN1,2.4329,0.8148303784370643,2.9499154777004346
116,C[C@@H]1C[C@H]2[C@@H]3C[C@H](F)C4=CC(=O)C=C[C@]4(C)C3(Cl)[C@@H](F)C[C@]2(C)[C@H]1C(=O)CO,3.975300000000003,0.6979103622237995,5.129645083124202
117,CC(=O)OCCN1CCN(CCCN2c3ccccc3Sc3ccc(Cl)cc32)CC1,4.513500000000004,0.5832256435008212,2.3652262873801
118,CN1CCN(C2=Nc3ccccc3Oc3ccc(Cl)cc32)CC1,3.7714000000000025,0.7369928778519519,2.2951514836512157
119,CC(C)CC(N(C)C)C1(c2ccc(Cl)cc2)CCC1,4.738000000000005,0.7525599819436474,2.949831652452925
120,O=C1CC[C@H](C(=O)N2CCCCC2)N1,0.2774999999999999,0.6544625184182418,2.571639425842264
121,CCCCCCC(C)(C)c1cc(O)c2c(c1)OC(C)(C)[C@@H]1CCC(=O)C[C@@H]21,6.264000000000007,0.5991110663803345,3.580985121179591
122,O=C(CCCN1CC2CCC(CC2)C1)c1ccc(F)cc1,3.910600000000003,0.7659741642516839,2.8668586742558624
123,CCc1cc2c(s1)N(C)C(=O)CN=C2c1ccccc1Cl,3.777700000000003,0.8291279321976416,2.673265784708571
124,CCC(CC)(CNC(=O)CCCO)c1cccc(OC)c1,2.641700000000001,0.7356411194584682,2.370737519636414
125,OCc1ccccc1O[C@@H]1O[C@H](CO)[C@@H](O)[C@H](O)[C@H]1O,-1.6424000000000003,0.4499934043405802,3.4074757085100496
126,c1cnc(N2CCN(Cc3ccc4c(c3)OCO4)CC2)nc1,1.5274999999999999,0.8563121557749822,2.0511317487951484
127,Cc1ncc2n1-c1ccc(Cl)cc1C(c1ccccc1F)=NC2.O=C(O)/C=C\C(=O)O,4.036020000000002,0.5967611381437323,2.792616404854634
128,CN(C)C(C)(CO)Cc1ccc(Cl)c(Cl)c1.[Cl-],-0.1475000000000002,0.8356933221233894,3.1589417457831708
129,Nc1nc(Cl)nc2c1ncn2[C@H]1C[C@H](O)[C@@H](CO)O1,-0.29740000000000044,0.6481668237451135,3.622779613665122
130,COc1ccccc1N1CCN(CCCC(O)c2ccc(F)cc2)CC1,3.470100000000002,0.8221552534405215,2.383351021921481
131,CNCCCC1(C)C(=O)N(c2ccccc2)c2ccccc21,3.622200000000003,0.8542095113506921,2.7189231314028177
132,CC(Cc1ccccc1)N(C)C,2.1792,0.6598626291095328,2.067858618341182
133,CCCSc1ccccc1N1CCN(CCCCn2c(=O)[nH]c3ccccc3c2=O)CC1,3.7943000000000024,0.39534483609300114,2.385988541403382
134,CN1C[C@@H](CC#N)CC2c3cccc4[nH]cc(c34)C[C@H]21,3.0415800000000015,0.8608598606080374,3.773854828476839
135,O=C(O)CN1C(=O)c2cccc3cccc(c23)C1=O,1.5204,0.8254301567462681,1.9016744877915706
136,COCC1CN(c2ccc(OCc3cccc(C#N)c3)cc2)C(=O)O1,3.108880000000002,0.8091238644914096,2.653610076326771
137,COc1ccc([C@H](O)CN2CCN(c3cccccc3=O)CC2)cc1OC,1.9196,0.838329771260159,2.5395483134766597
138,CN(C)CCOC(c1ccccc1)c1ccc(Br)cc1,4.116700000000003,0.7880221004554364,2.3822682590233466
139,CCCC(C)C,2.442500000000001,0.4838902980848686,1.8933213175169303
140,CCC(=O)C(CCN(C)C)(c1ccccc1)c1ccccc1,3.903500000000003,0.7717982000417066,2.2161375011073527
141,NC1CCCC1c1ccccc1,2.2814000000000005,0.6715260386347125,2.548766595415282
142,CC(=O)NCCCN1CCN(c2cc(Cl)ccc2Cl)CC1,2.6416000000000004,0.8433531923276378,1.9429468798845821
143,CC(=O)SCC(Cc1ccccc1)C(=O)NCC(=O)OCc1ccccc1,2.9846000000000013,0.6720580391598658,2.5592008609292094
144,CN(C)CCOC(=O)COc1ccc(Cl)cc1,1.8235999999999999,0.7290918035538654,1.756235157945305
145,Fc1ccc2[nH]c3c(c2c1)CN(CCc1ccncc1)CC3,3.3028000000000013,0.8037238211544504,2.266411167837644
146,CCN(CC)CCN1c2ccccc2Sc2ccccc21,4.631100000000004,0.7943099929061821,2.099591161415777
147,OCCN1CCN(CCCN2c3ccccc3Sc3ccc(Cl)cc32)CC1,3.942700000000003,0.7886610933771961,2.2788180747883615
148,COc1ccc2c3c1O[C@H]1[C@@H](O)C=C[C@H]4[C@@H](C2)N(C)CC[C@@]341,1.5010999999999999,0.7981444096668123,5.161491654952451
149,O=[N+]([O-])c1cc[nH]c1NCCSCc1ccccn1,2.6632000000000007,0.4618987732522162,2.7739647477203206
150,CN1CCN(c2ncc(-c3cc(Cl)cc(Cl)c3Cl)c(N)n2)CC1,3.437800000000001,0.8184083751963469,2.4567712633584495
151,COC(F)(F)C(Cl)Cl,2.0293,0.5683931276423007,3.4049852533918425
152,O=C(Cc1ccc(C(F)(F)F)cc1)N1CCCC[C@H]1CN1CCCC1,3.7248000000000028,0.8226589540853692,2.559620179252013
153,CC12C=CC(=O)C=C1CCC1C3CCC(O)(C(=O)CO)C3(C)CC(O)C12F,1.6497,0.679213941811703,4.5052309596329785
154,Clc1ccc(C(OCCN2CCOCC2)c2ccccc2)cc1,3.7782000000000027,0.8037823118727081,2.400221350680523
155,CC1(C)NC(=O)C(/C=C/c2ccccc2)O1,1.9508999999999999,0.8218863548914899,3.3664453924215376
156,CNC(=O)CCN1CCN(CCC=C2c3ccccc3Sc3ccc(Cl)cc32)CC1,4.380100000000004,0.6153280932074596,2.5667180645684304
157,C[C@@H]1C[C@H]2[C@@H]3CCC4=CC(=O)C=C[C@]4(C)[C@@]3(Cl)[C@@H](O)C[C@]2(C)[C@@]1(O)C(=O)CCl,3.411500000000002,0.662817209517144,4.796039326963267
158,CC1CC(OC(=O)C2CCC(=O)N2)CC(C)(C)C1,2.0229999999999997,0.7659940949938319,3.6496457436548084
159,CC(NNC(=O)c1ccccc1)c1ccccc1,2.682200000000001,0.8066594755632359,2.1095927572663022
160,c1ccc(NCCCOc2cccc(CN3CCCCC3)c2)nc1,3.948500000000003,0.7458457163327956,1.9292693424515566
161,O=c1[nH]c2cc(Cl)ccc2o1,1.7745,0.6535135154314028,2.1890499640887917
162,C=CCC1(CC(C)C)C(=O)NC(=O)NC1=O,0.9609999999999999,0.5513835393856523,3.009146277546133
163,O=C1[C@@H]2[C@@H]3C=C[C@@H]([C@H]4C=C[C@H]43)[C@@H]2C(=O)N1CCCCN1CCN(c2ncccn2)CC1,1.5979999999999994,0.39636081360377057,4.804979109159591
164,CO[C@]12CC[C@@]3(C[C@@H]1C(C)(C)O)[C@H]1Cc4ccc(O)c5c4[C@@]3(CCN1CC1CC1)[C@H]2O5,3.3876000000000017,0.7744063605229821,6.2843583829512255
165,O=C(c1ccc(F)cc1)C1CCN(CCCn2c(=O)[nH]c3ccccc32)CC1,3.453700000000002,0.6655634984188271,2.143858826713945
166,CCCCCCCCCNc1ncnc2[nH]ccc12,4.120400000000003,0.6667362191188955,2.2442335589091336
167,CCC(C)(S(=O)(=O)CC)S(=O)(=O)CC,0.9820000000000002,0.72046741612602,3.2667674635201926
168,CN1CC(CSc2ccccn2)C=C2c3cccc4[nH]cc(c34)CC21,4.2249000000000025,0.7198574838835818,3.6920779630857794
169,CC12C=CC(=O)C=C1CCC1C3CC[C@](O)(C(=O)CO)C3(C)CC(Cl)[C@@]12Cl,3.1655000000000015,0.6824630089631247,4.66606257185637
170,CCC(=O)OCC(=O)[C@@]12OC(C)(C)O[C@@H]1CC1C3C[C@H](F)C4=CC(=O)C=CC4(C)[C@@]3(F)C(O)CC12C,3.327700000000002,0.5818654169817311,5.013296205418892
171,C[C@]12C=CC(=O)C=C1CC[C@H]1[C@@H]3C[C@H]4Cc5ccccc5C[C@@]4(C(=O)CO)[C@@]3(C)C[C@H](O)[C@@]12F.O,3.105200000000002,0.6755665764295385,4.8192498450899315
172,CN(C)CCCn1c2c(c3ccccc31)CCCCCC2,4.252000000000004,0.8144974975591827,2.1175730025254857
173,O=C(O)CNC(=O)c1ccccc1O,0.2065999999999995,0.6428709623639095,1.6346113549229084
174,O=C(c1cc2ccccc2o1)N1CCN(Cc2ccccc2)CC1,3.3908000000000023,0.7420845171115978,1.7992949925057289
175,COc1cc2c(c(CN[C@@H]3CCCN[C@H]3c3ccccc3)c1)OCC2,3.213000000000002,0.8784508171029373,3.159408940216757
176,CCN(CC)CC(=O)Oc1ccc(NC(C)=O)cc1,1.8921999999999999,0.6294348624142526,1.9129856299150525
177,NC1=NC(=O)C(c2ccccc2)O1,0.5992000000000001,0.6809458251088376,3.0531324259177897
178,CC(=O)c1ccc2c(c1)N(CCCN1CCC(CCO)CC1)c1ccccc1S2,4.976400000000005,0.6525728569553443,2.406392394048698
179,Clc1ccccc1C1=NCc2nnc(C3CCCCC3)n2-c2sc(Br)cc21,6.143400000000003,0.459603413187258,2.87401515365886
180,COc1ccc2c(c1)C(N1CCN(C)CC1)=Cc1ccccc1O2,3.546400000000003,0.8441048170795714,2.3428086281658427
181,C=CC[C@H](N)c1ccccc1-c1noc2ccccc12,4.070700000000002,0.7225268042811452,2.8473098477431584
182,NC(=O)NO,-0.9561000000000002,0.25664360627911675,2.5247164941764755
183,CC(C)(O/N=C(\C(=O)N[C@@H]1C(=O)N2C(C(=O)[O-])=C(C[n+]3ccccc3)CS[C@H]12)c1csc(N)n1)C(=O)O,-1.2991999999999946,0.14740150966845048,4.320141758846922
184,Cc1ncc([N+](=O)[O-])n1CC(O)CCl,0.6994199999999999,0.45920678237514917,3.3558364632643034
185,Cn1cc(CCN2CCN(c3ccccc3Cl)CC2)cn1,2.4382,0.8669559753478354,2.0205387023993833
186,C=CCC1(CC=C)C(=O)NC(=O)NC1=O,0.491,0.5212105657671737,3.194099272650071
187,OCCN1CCN(CCCC2c3ccc(F)cc3Sc3ccc(C(F)(F)F)cc32)CC1,4.831100000000005,0.6328299845411152,3.154406599696582
188,CCN(CC)CCOC1(c2ccc(Cl)cc2)CCCCC1,4.857800000000005,0.7130618619031799,2.442087466586015
189,CN(C)CCC=C1c2ccccc2Sc2ccccc21,4.534600000000004,0.6934192475922085,2.3243826388927644
190,Cc1noc(NS(=O)(=O)c2ccc(N)cc2)c1C,1.67444,0.8241959038664723,2.187682929916562
191,CCN(CC)CCNC(=O)c1cc(Cl)cc(Cl)c1OC,3.0736000000000008,0.8396593956031922,2.072285026160669
192,CCc1nn(CCCN2CCN(c3cccc(Cl)c3)CC2)c(=O)n1CC,2.492800000000001,0.743339931922439,2.328621173455346
193,COc1cc2c3c(c1O)C1(C=CC(=O)C=C1)CC3N(C)CC2,2.266400000000001,0.86367995836401,4.102486570985771
194,CC(C)(C)OC(=O)c1ncn2c1[C@@H]1CCCN1C(=O)c1c(Br)cccc1-2,3.8808000000000034,0.6598271345520079,3.2263729449984035
195,CO[C@]12CC[C@@]3(C[C@@H]1[C@](C)(O)C(C)(C)C)[C@H]1Cc4ccc(O)c5c4[C@@]3(CCN1CC1CC1)[C@H]2O5,4.413800000000004,0.686738022566705,6.456452343087977
196,CCCCC(=O)O[C@]1(C(=O)CO)[C@@H](C)C[C@H]2[C@@H]3CCC4=CC(=O)C=C[C@]4(C)[C@@]3(F)[C@@H](O)C[C@@]21C,3.6368000000000027,0.5679557810972998,4.679814366362415
197,O=C1CC2(CCCC2)CC(=O)N1CCNCC1COc2ccccc2O1,2.125399999999999,0.6450701758865461,3.5177657932456974
198,Cc1ccc2c(c1)C(N1CCN(C)CC1)=Nc1ccccc1S2,3.785320000000003,0.7350277559573194,2.389912907302193
199,CN1C(=O)NC(=O)C(C)(C2=CCCCC2)C1=O,1.2012999999999998,0.5492380246867914,3.373616141054229
200,CN(C)C1CCc2[nH]c3c(F)cc(F)cc3c2C1,2.865000000000001,0.8242273056090227,3.0752234199881974
201,C=CC(N)CCC(=O)O,0.36450000000000005,0.5386736295032681,3.2084053256365532
202,CNC1CCN2c3ccccc3CCc3cccc1c32,3.587500000000003,0.8465204895697303,2.760649635541565
203,CC(C)=CCN1CC[C@]23c4c5ccc(O)c4O[C@H]2C(=O)CC[C@@]3(O)[C@H]1C5,2.0816,0.7951808785658862,5.214655968601317
204,O=C1CN=C(c2ccccc2F)c2cc(Cl)ccc2N1CC1CC1,4.073100000000004,0.8270962173053389,2.3693126682434116
205,Nc1nc(=O)c2ncn(COCCO)c2[nH]1,-1.3318000000000003,0.554385971786765,2.7266715522714087
206,C#CCN(C)[C@H](C)Cc1ccccc1,2.1826,0.6530251998867979,2.621125668445817
207,CCC[C@@](C)(O)[C@H]1CC23C=CC1(OC)[C@H]1Oc4c(OC(C)=O)ccc5c4C12CCN(C)C3C5,3.383300000000002,0.4188595525956014,6.513268757316904
208,CCCCCn1ccc(=O)c(O)c1C,2.05252,0.7470253569482704,2.290106496623311
209,CCCCC/C(=N/OCCN)c1ccc(C)c(N)c1,2.83692,0.32765336536261797,2.524806272987508
210,CCCC(Cc1ccccc1)N1CCCC1,3.4936000000000025,0.7294545465672119,2.2878656215541078
211,Oc1ccc2c(c1)C13CCCCC1C(C2)N(CCc1ccccc1)CC3,4.693300000000003,0.870290802525523,3.961816509465666
212,CN(C/C=C/c1ccccc1)CCOC(c1ccccc1)c1ccccc1,5.4378000000000055,0.5056344208928695,2.1602059618380203
213,CCC1(CC)C(=O)NCC(C)C1=O,1.1278,0.6521582317615695,3.685621101471172
214,CN(C)CCC=C1c2ccccc2C=Cc2ccccc21,4.553800000000004,0.6773504085567709,2.349325839852094
215,COc1ccc(Cl)cc1C(=O)NCCc1ccc(S(=O)(=O)NC(=O)NC2CCCCC2)cc1,3.641700000000003,0.51917970894521,2.191595884107798
216,CC1CC2C3CC(F)C4=CC(=O)C=CC4(C)C3(F)C(O)CC2(C)C1(O)C(=O)SCF,3.469100000000002,0.6823854735858573,5.077674417353576
217,CN1CCN(C2Cc3ccccc3Sc3ccc(Cl)cc32)CC1,4.335800000000004,0.759642524138309,2.780380846189402
218,CN1CCN(C2=c3ccccc3=Nc3ccc(Cl)cc3N2)CC1,2.0298999999999996,0.8697054686334906,2.5329808751552356
219,COc1cc(N)c(Cl)cc1C(=O)NC1CCN(Cc2ccccc2)CC1,3.3252000000000024,0.78874496828116,1.983702254536425
220,OC1CCN(c2ccc(-c3ccc(Cl)cc3Cl)nn2)CC1,3.411500000000002,0.9196193132420847,2.1715890050475544
221,CN(C)CCOC1(Cc2ccccc2)CC2CCC1(C)C2(C)C,4.392300000000004,0.771627024806607,4.388476305962854
222,CC(=O)C1CCC2C3CC(C)C4=CC(=O)C=CC4(C)C3C(O)CC12C,3.716300000000003,0.7900746681125328,4.50625353431435
223,CN1CCC23c4c5ccc(O)c4OC2CCCC3C1C5,2.4513000000000007,0.7864972151840187,4.994117638796381
224,CN(C)CC(Oc1ccccc1)Oc1ccccc1,3.0321000000000016,0.7424381824141622,1.9847616707972442
225,NC(=O)c1cccnc1,0.18050000000000016,0.5772627921564857,1.690815699533248
226,COc1cc(C(=O)OCCN2CCN(CCCN3c4ccccc4Sc4ccc(Cl)cc43)CC2)cc(OC)c1OC,5.833200000000006,0.2539179027688761,2.6081064348440357
227,Cc1cccc(N2CCN(CCc3cc(C)[nH]n3)CC2)c1,2.3912400000000007,0.9360843563437582,2.1826953228281347
228,CO/N=C(\C(=O)N[C@@H]1C(=O)N2C(C(=O)O)=C(COC(N)=O)CS[C@H]12)c1ccco1,-0.5359999999999987,0.29500804859666163,3.7124855049792203
229,CC(N)C(=O)OC(C)(C)Cc1ccc(Cl)cc1,2.5515000000000008,0.8416081537670527,2.7106711912214543
230,CN(C)C(=O)OC1N=C(c2ccccc2)c2cc(Cl)ccc2N(C)C1=O,3.1781000000000015,0.8140970679577941,2.994299868075325
231,CC(=O)OCC/C(SC(C)=O)=C(/C)N(C=O)Cc1cnc(C)nc1N,1.79002,0.546721568521397,3.425996586348858
232,CNCC12CCC(c3ccccc31)c1ccccc12,3.4312000000000022,0.8595106903666029,3.284368757751743
233,CN1CCC2(C)CC(Cc3ccc(O)cc32)C1,2.5478000000000005,0.7414726773699197,4.215220633371929
234,CCOC(=O)c1cncn1C(C)c1ccccc1,2.669100000000001,0.776550261358108,2.590814424513084
235,CC1(C)CC(=O)N(CCCCN2CCN(c3ncccn3)CC2)C(=O)C1.[Cl-],-1.441999999999995,0.43450847219618627,2.574383192607252
236,CC(OC(N)=O)C(C)C(C)OC(N)=O,0.5901,0.6985943696041055,3.5644722131061766
237,C[C@@H]1C[C@H]2[C@@H]3C[C@H](F)C4=CC(=O)C=C[C@]4(C)[C@@]3(F)[C@@H](O)C[C@]2(C)[C@H]1C(=O)COC(=O)C(C)(C)C,4.325800000000004,0.6111537361319526,4.914188784730708
238,C=CCN1CC[C@]23c4c5ccc(O)c4O[C@H]2[C@@H](O)C=C[C@H]3[C@H]1C5,1.7542999999999997,0.817291700924923,5.404427151658609
239,O=S(=O)(c1ccc2cc[nH]c2c1)N1CCCC1CCN1CCC(Oc2cccc(Cl)c2)CC1,4.907900000000005,0.5140127181879315,3.0152739240097866
240,CN1C(=O)CCS(=O)(=O)C1c1ccc(Cl)c(Cl)c1,2.2689000000000004,0.7995050890542754,3.25136657383435
241,C/C=C\C1O[C@]2(C(=O)COC(=O)c3ccncc3)CC[C@@]3(O1)[C@@H]1CCC4=CC(=O)CC[C@]4(C)[C@H]1[C@@H](O)C[C@]23C,4.120600000000004,0.44274846577893673,5.812744442463262
242,CCC(NC(=O)c1c(C)c(-c2ccccc2)nc2ccccc12)c1ccccc1,6.091320000000005,0.45500495824376636,2.3966707396933327
243,CC(C)CCC(=O)CC1c2ccccc2C(=O)N1c1ccc2ccc(Cl)nc2n1,5.380100000000004,0.5143744231422801,3.176044165048464
244,CC1=C[C@@H]2[C@H]([C@@H](O)C[C@@]3(C)[C@H]2C[C@@H](C)[C@]3(O)C(=O)COC(=O)c2cccc(S(=O)(=O)O)c2)[C@@]2(C)Cc3cnn(-c4ccccc4)c3C=C12,4.841200000000004,0.24638775348904712,4.892212120169143
245,c1cc2c(c(N3CCNCC3)c1)OCCO2,0.8673999999999997,0.7610780386256704,2.2577542445791003
246,Cc1cccc(C)c1OCC(C)N,2.0294399999999997,0.7701737793320904,2.409173150598514
247,CCCC(CC)C1(CC)C(=O)NC(=S)NC1=O,1.74,0.5816859884283193,3.7299265758368385
248,CC(Cc1ccccc1)NC(C#N)c1ccccc1,3.472080000000002,0.8815886181817028,2.6359152962132804
249,c1ccc2cc(COC3CCNCC3)ccc2c1,3.1084000000000014,0.891192232421077,1.9652179900944784
250,CC(=O)OCC(=O)[C@@]1(O)CC[C@H]2[C@@H]3CCC4=CC(=O)CC[C@]4(C)[C@H]3[C@@H](O)C[C@@]21C,2.3524000000000003,0.7005234282178955,4.336163812955055
251,CCC(Br)(CC)C(=O)NC(=O)NC(C)=O,1.3123999999999998,0.7647716709485274,3.0768748192087747
252,Cc1ncc2n1-c1ccc(Cl)cc1C(c1ccccc1F)=NC2O,3.8151200000000025,0.7312827367279049,3.090641078529287
253,CC(CN1c2ccccc2Sc2ccccc21)N(C)C,4.239400000000003,0.8321538928687809,2.646234250926181
254,CC(NCCn1cnc2c1c(=O)n(C)c(=O)n2C)C(O)c1ccccc1,0.14540000000000047,0.6547382951441181,3.148705072921654
255,CCC(=O)c1ccc2c(c1)N(CCCN1CCN(CCO)CC1)c1ccccc1S2,3.8820000000000032,0.6479013320403016,2.4163297356559603
256,O=C(COc1ccc(Cl)cc1)N1CCN(Cc2ccc3c(c2)OCO3)CC1,2.791900000000001,0.7879645861429155,1.96696237858583
257,CN1c2ccccc2C(NCCCCCCC(=O)O)c2ccc(Cl)cc2S1(=O)=O,4.192600000000003,0.6055890008979128,3.0821867958593874
258,Cc1ncc2n1-c1ccc(Cl)cc1C(c1ccccc1Cl)=NC2,4.838520000000003,0.6224214046569356,2.5596348778689393
259,C#C[C@]1(O)CC[C@H]2C3CCC4=Cc5c(cnn5-c5ccc(F)cc5)CC4(C)[C@H]3CCC21C,5.557800000000006,0.6018837739782162,4.299788107183217
260,CCCO,0.3887,0.46378398302396845,1.9644153541602876
261,Cn1nc(-c2cccnc2)nc1-c1ccccc1CO,2.0364,0.7875671368938263,2.254251869661994
262,CC(C)C1(C(C)C)OCC(CO)O1,1.4023999999999999,0.7273181273393281,3.6885369385752442
263,CC(C)n1c(/C=C/[C@@H](O)C[C@H](O)CC(=O)O)c(-c2ccc(F)cc2)c2ccccc21,4.628100000000003,0.5047877346321323,3.2909499869098093
264,CCCCOCC(CN1C(=O)NC(=O)C(CC)(c2ccccc2)C1=O)OC(N)=O,1.6933999999999998,0.45029722176689513,3.492766081902296
265,C[C@@H]1CC2[C@@H]3C[C@H](F)C4=CC(=O)C(Cl)=C[C@]4(C)[C@@]3(F)[C@@H](O)C[C@]2(C)[C@@]1(O)C(=O)CO,2.4102,0.6076865053354019,5.003880069739164
266,CN1CCc2cc(Cl)c(O)cc2[C@@H](c2cc(Br)cc3c2OCC3)C1,4.362800000000003,0.7606959871742053,3.24181460794105
267,CC(Cc1ccccc1)NN,1.0809,0.4995843805760222,2.2900076255788715
268,CCC1(C)CC(=O)NC1=O,0.4491999999999999,0.5387218646888615,3.3785144494291917
269,FC(F)(F)c1ccc(N2CCNCC2)nc1Cl,2.1634,0.7890335810877849,2.5016413772579043
270,CC(=O)OCC(=O)[C@@]1(OC(=O)c2ccco2)[C@H](C)C[C@H]2[C@@H]3CCC4=CC(=O)C=C[C@]4(C)[C@@]3(F)[C@@H](O)C[C@@]21C,3.9242000000000035,0.5712542892686061,4.74436316930577
271,Cc1c2c(cn1C)NC(=O)CN=C2c1ccccc1,2.1230200000000004,0.8310589777253272,2.8022848409604144
272,C=CCN1CCC23c4c5ccc(O)c4OC2C2(OC)C=CC3(CC2[C@](C)(O)CCC)C1C5,3.719800000000003,0.6644996936606936,6.622129621538802
273,CC(C)NNC(=O)COc1ccc(Cl)cc1,1.7479999999999996,0.7738369433969671,1.9455239998238572
274,O=C(NCCc1ccc(O)c(O)c1)C12CC3CC(CC(C3)C1)C2,2.972900000000001,0.7482139552030409,3.477945792963566
275,OC(C1=NCCN1)(c1ccc(Cl)cc1)c1ccccn1,1.9725999999999997,0.907388183732892,3.1157748344805585
276,CC(=O)OCC(=O)[C@@]1(O)CC[C@H]2[C@@H]3CCC4=CC(=O)CC[C@]4(C)[C@@]3(F)[C@@H](O)C[C@@]21C,2.4445000000000006,0.6778330887220734,4.49406358737661
277,C[NH+]O.Cc1oc(C(C)(C)N(C(C)(C)N)C(C)(C)N)c(C)c1C.[OH-],1.309360000000002,0.4799162822230709,4.238980056737271
278,CCC(C(=O)NC(N)=O)c1ccccc1,1.3751000000000002,0.7836281163046619,2.3063247450703663
279,N=C(N)NCCCOc1ccccc1,0.938569999999999,0.3700161832867406,1.7290317395382928
280,CN1CCOC(c2ccccc2)c2ccccc2C1,3.238000000000002,0.7733298315151294,2.5648654759823373
281,CC(C)CCOC(CN1CCCC1)c1ccccc1,3.886200000000003,0.7381503110372258,2.468562643814506
282,O=C(CN1CCCC1=O)NNC(=O)CN1CCCC1=O,-1.6213999999999968,0.6052901840800774,2.3217740371496802
283,CCC12CCN(CC3CC3)C(Cc3ccc(O)cc31)C2(C)C,4.106600000000004,0.9077907097451023,4.3247305140144725
284,CSc1ccc2c(c1)N(CCC1CCCNC1)c1ccccc1S2,5.400900000000004,0.7373825043655763,2.9863419420816406
285,CC[C@H](C)C(=O)O[C@H]1CCC=C2C=C[C@H](C)[C@H](CC[C@@H]3C[C@@H](O)CC(=O)O3)[C@H]21,3.949500000000003,0.695389998340901,4.6221351006160045
286,COc1cc2oc(=O)c(C)c(C)c2cc1OCCCN1CCN(c2ccccc2OC)CC1,4.018140000000003,0.37783312471252267,2.3114022565274173
287,c1ccc2c(c1)CCc1cccc3c1C2CN1CCCCC31,4.4577000000000035,0.6919818514574935,3.0647961434419546
288,CN(C)CCC1(c2ccccc2)C=Cc2ccccc21,3.9512000000000027,0.8070153605853532,3.044581731032281
289,CCOC(=O)O[C@]1(C(=O)COC(=O)CC)CC[C@H]2[C@@H]3CCC4=CC(=O)C=C[C@]4(C)[C@H]3[C@@H](O)C[C@@]21C,3.6993000000000027,0.562816868972934,4.559936737085865
290,CC1NC(=O)COC1c1ccccc1,1.2625999999999997,0.725410860359885,3.042479630688593
291,CN(C)CCOC(c1ccccc1)c1ccccc1C(C)(C)C,4.651700000000004,0.7695984939686358,2.6013276996624235
292,CN=C(Cc1ccc2ccccc2c1)[NH2+]C.[Cl-],-1.3921999999999979,0.5010267644903216,3.183269855162979
293,C=C(C)CNCC(=O)N(C)c1ccc(Cl)cc1C(=O)c1ccccc1,3.699500000000003,0.6075627009585827,2.3366947144375114
294,CCN(CC)CCOC(=O)C(O)(c1ccccc1)c1ccccc1.[Cl-],-0.18849999999999922,0.6614329212273117,2.236071303066275
295,OCc1ncc2n1-c1ccc(Cl)cc1C(c1ccccc1F)=NC2,3.5081000000000016,0.7751561487972362,2.734907051481658
296,C=CC1(C(C)CCC)C(=O)NC(=O)NC1=O,0.9609999999999999,0.5513835393856523,3.837952645168789
297,O=c1[nH]c2ccccc2c(=O)n1CCCN1CCN(c2cccc(Cl)c2)CC1,2.5555000000000003,0.7171275679850827,2.094357972013091
298,CN1Cc2c(N)cccc2C(c2ccccc2)C1,2.8461000000000016,0.7740399810607017,2.5939818105207415
299,c1ccc(C2(c3ccccc3)OC[C@H]([C@@H]3CCCCN3)O2)cc1,3.4452000000000016,0.9418546335851353,3.21103609221778
300,CNCCOC(c1ccccc1)c1ccccc1C,3.320420000000002,0.7994994906582641,2.409021664793526
301,c1cc(CN2CCCCC2)cc(OCCCNc2nccs2)c1,4.0100000000000025,0.741728518606156,2.0842407763183157
302,CCN(CC)C(=O)N1CCN(CCCc2nc3c(c(=O)n(C)c(=O)n3C)n2C)CC1,-0.01729999999999632,0.6568145929318192,2.621722250374214
303,CN1CC[C@@]23CCCC[C@@H]2[C@@H]1Cc1ccc(O)cc13,3.080400000000002,0.7718143750897627,4.12360899049955
304,CNC/C=C(/c1ccc(Br)cc1)c1cccnc1,3.4952000000000023,0.9349192160562851,2.301429627175347
305,C=COC=C,1.29,0.4446626309457236,4.5498840035901384
306,Cc1ccc(C2(O)CCN(CCCC(=O)c3ccc(F)cc3)CC2)cc1,4.080620000000003,0.7939500802874246,2.1095319842661553
307,CCCC(=O)O[C@]1(C(=O)COC(C)=O)CC[C@H]2[C@@H]3C[C@H](C)C4=CC(=O)CC[C@]4(C)[C@H]3[C@@H](O)C[C@@]21C,3.9494000000000034,0.5642460025798239,4.675968873430014
308,CN1CCCC(CN2c3ccccc3Sc3ccccc32)C1,4.631100000000004,0.798215471558711,2.6481592091712045
309,O=C(O)CCCCC1SCC2NC(=O)NC21,0.7968000000000001,0.49347811519219625,3.644354617187049
310,CCN1CCN(C(=O)N[C@@H](C(=O)N[C@@H]2C(=O)N3[C@@H]2SC(C)(C)[C@@H]3C(=O)O)c2ccccc2)C(=O)C1=O.O,-1.0649999999999964,0.30332747445966357,4.0160323352387985
311,CCC(=O)C(CC(C)N(C)C)(c1ccccc1)c1ccccc1,4.292000000000004,0.7601212787758543,2.7100048631239613
312,CC(Cl)(Cl)Cl,2.376500000000001,0.44517055677341283,2.7029253053652855
313,CC(C)(C)CC(=O)OCC(=O)[C@@]1(O)CC[C@H]2[C@@H]3CCC4=CC(=O)C=C[C@]4(C)[C@H]3[C@@H](O)C[C@@]21C,3.5447000000000024,0.6251252881597862,4.493576878726636
314,CCC1(c2ccccc2)C(=O)NC(=O)N(C)C1=O,1.0426,0.7928342464339935,2.85062179361457
315,CN(C)Cc1ccc(CSCCNc2[nH]cc(Cc3ccccc3)c2[N+](=O)[O-])o1,4.513600000000003,0.2726020905810237,2.852165384913256
316,CN(C)CCN(C)n1cc(-c2ccccc2)c2ccccc21,3.437700000000002,0.713747711738058,2.338883796747197
317,CCCCCC(N)C(O)(c1ccccc1)c1ccccc1,3.8301000000000025,0.7585806506981769,2.5204566913515283
318,COc1ccc2c3c1OC1C(OC(C)=O)=CCC4C(C2)N(C)CCC314,2.4211,0.7734062961522917,5.201838412267357
319,NC(=O)c1ccc(F)c2c1C[C@@H](N(C1CCC1)C1CCC1)CO2,2.6351000000000013,0.928319884888158,3.254249574662423
320,CCNC1=Nc2ccc(Cl)cc2C(c2ccccc2)S1,4.773200000000003,0.8636140216866924,2.9619965851436874
321,O=C(NCc1ccccc1)OCCO,0.9051,0.7501938355659626,1.6290105856921393
322,OCC1(CO)COC(C(Cl)(Cl)Cl)OC1,0.7004999999999999,0.7218154823443413,3.6605600035715566
323,Cc1cccc(Cc2cnc[nH]2)c1C,2.6173400000000004,0.7669543426690262,2.219424431845983
324,COc1ccccc1OCC(O)COC(N)=O,0.5302000000000002,0.7576670999945839,2.374849194494775
325,O=C(NCCN1CCOCC1)c1ccc(Cl)cc1,1.4020000000000006,0.8976306233197456,1.6574396863469438
326,CCCCCCCCCC1(C)OCC(COC(N)=O)O1,3.354000000000001,0.62540520594809,3.355750170058222
327,CNCCCC1(c2ccccc2)OC(C)(C)c2ccccc21,4.195100000000004,0.8349421295896703,3.0338220325017202
328,CCCN(CCC)CCc1cccc2c1CC(=O)N2,2.845700000000001,0.8173315946878694,2.4243104819860566
329,N#CC(CCN1CCC(C(N)=O)(N2CCCCC2)CC1)(c1ccccc1)c1ccccc1,3.6921800000000013,0.7270325196238637,2.7083106257706255
330,CC[C@H](NC(=O)c1c(OCCCN(C)C)c(-c2ccccc2)nc2ccccc12)c1ccccc1,6.113400000000006,0.285839135292771,2.7345574231222436
331,Cc1csc(N=C(N)N)n1,0.3564200000000002,0.454844019032696,2.7540847512908986
332,CC(N)Cc1ccccc1,1.5763,0.6542162175383444,1.8385878222102576
333,O=C1N(c2ccccc2)c2ccccc2C1(Cc1ccncc1)Cc1ccncc1,4.878100000000004,0.4871624324764735,2.42305553662756
334,C=CCC1(C(C)CCC)C(=O)NC(=S)NC1=O,1.5159999999999998,0.4440914917068062,3.7121173450676075
335,C[C@]12C=CC(=O)C=C1CC[C@@H]1[C@@H]2[C@@H](O)C[C@@]2(C)[C@H]1CC[C@]2(O)C(=O)COC(=O)CCC(=O)[O-].[Na+],-2.357399999999993,0.3165704462011773,4.816924793769427
336,CCCl,1.2451,0.37198554725482313,2.3813339617119063
337,O=C1NC(=O)C(CC2CCCCN2)(c2ccccc2)C(=O)N1,0.8226,0.7214791423362664,3.217000054479742
338,O=C(O)CCCCCC[NH2+]C1c2ccccc2CCc2ccccc21.[Cl-],0.47710000000000163,0.6611319979907159,3.026207244141416
339,c1ccc2c(c1)Sc1ccccc1N2CC1CN2CCC1CC2,4.631100000000005,0.7956818657710316,3.5803525410635615
340,O=C1CCC(=O)N1CC1CCC2CN(c3ncccn3)CCN2C1,0.5262,0.7534949865953197,3.2587848709644955
341,O=C(NCCN1CCN(c2ncccn2)CC1)C12CC3CC(CC(C3)C1)C2,1.9311999999999991,0.8593595188650688,3.551725390918663
342,CN1CCC2=C(CC1)c1cc(C#N)ccc1Sc1ccccc12,4.659280000000003,0.7067108427234166,2.6447028039726863
343,CC1(C)CN(CCN2CCN(c3cccc(Cl)c3)C2=O)C1,2.9238000000000017,0.8549074905932431,2.4232645753393314
344,Cc1ncc(CSSCc2cnc(C)c(O)c2CO)c(CO)c1O,2.5708400000000013,0.4363432612666716,3.2901684683256827
345,O=C(Nc1ccccc1)OCC1(COC(=O)Nc2ccccc2)CCCC1,5.044200000000004,0.7483992262174191,2.2057173931914775
346,CCN(CC)CCNC(=O)COc1ccc(OC)cc1.[Cl-],-1.4639999999999962,0.6048450528030397,1.9191934180030206
347,C=CCN1C[C@H](C(=O)N(CCCN(C)C)C(=O)NCC)C[C@@H]2c3cccc4[nH]cc(c34)C[C@H]21,3.193900000000001,0.6049384423595515,4.016442720735595
348,CNCCCC1(C)CN(c2ccccc2)c2ccccc21,4.095600000000004,0.8296796744689916,2.8588445475936464
349,CCCCCCSc1nsnc1C1=CCCN(C)C1,3.929400000000004,0.563102915252663,2.9661518805874536
350,CN=C1CN(O)C(c2ccccc2)=c2cc(Cl)ccc2=N1,1.8492000000000002,0.8734531270112921,3.037243620432169
351,C1CCCCC1,2.3406000000000002,0.42231618686094674,1.0
352,CN1CCN(CCCN2c3ccccc3Sc3ccc(C(F)(F)F)cc32)CC1,4.945600000000005,0.7094782580960447,2.3515992754318944
353,CC(C)[C@H](N)C(=O)OCC(CO)OCn1cnc2c(=O)nc(N)[nH]c21,-1.4366999999999974,0.41429377068433665,3.6855299870554505
354,Clc1cccc(Cl)c1NC1=NCCO1,2.791500000000001,0.8056294822323165,2.663370201076754
355,COc1ccc(C(O)CN2CCN(C(c3ccccc3)c3ccccc3)CC2)cc1OC,4.144400000000004,0.5795726627687093,2.5172811904865107
356,C/C(=C(\CCOC(=O)c1ccccc1)SC(=O)c1ccccc1)N(C=O)Cc1cnc(C)nc1N,4.3778200000000025,0.3288601991065369,3.0170105662858315
357,CN(C)CCC(c1ccccc1)C1CCCCC1,4.302200000000004,0.7472311664825737,2.4822539998698527
358,C/C(=C(\CCOP(=O)(O)O)SC(=O)c1ccccc1)N(C=O)Cc1cnc(C)nc1N,2.630119999999999,0.3512426065384532,3.3729817126521713
359,OCCN1CCN([C@@H]2C[C@@H](c3ccc(F)cc3)c3ccc(C(F)(F)F)cc32)CC1,4.031100000000003,0.774244305606569,3.1578480096696513
360,O=C1CCNc2ccc(Cl)cc2N1c1ccccc1,3.8203000000000022,0.8558552442805425,2.0997753770909497
361,CCOC(=O)C[C@@H](O)C[C@@H](O)/C=C/C1=C(c2ccc(F)cc2)c2ccccc2OC12CCCC2,4.954100000000005,0.5384114546479628,4.073737383596564
362,CNC(=O)NC(O)C(Cl)(Cl)Cl,0.6039999999999999,0.44860390740242845,3.473918791831972
363,C[C@@H]1N=C(c2ccccc2Cl)c2cc([N+](=O)[O-])ccc2NC1=O,3.4262000000000024,0.6762936072282916,2.8980875554316547
364,OCCCOc1cccc(CN2CCCCC2)c1,2.433700000000001,0.785988033772672,1.7231286335390834
365,O=C(CCCN1CCC(O)(c2cccc(C(F)(F)F)c2)CC1)c1ccc(F)cc1,4.791000000000004,0.5509263977096905,2.302111075367378
366,c1ccc2c(c1)CCc1ccccc1N2C1CN2CCC1CC2,4.017500000000003,0.7850000686326023,3.410159230026771
367,O=C1NC(CCCl)Oc2ccccc21,1.7638,0.7575631429217322,3.1453790412268816
368,CCCC(=O)O[C@]1(C(=O)COC(C)=O)[C@H](C)C[C@H]2[C@@H]3CCC4=CC(=O)C=C[C@]4(C)[C@@]3(Cl)[C@@H](O)C[C@@]21C,4.086800000000004,0.4149432383701715,4.763287816426872
369,COCC1CN=C(c2ccccc2Cl)c2cc(Br)ccc2N1C,4.4047000000000045,0.7716639937345975,2.975545802473073
370,COC(=O)C1C2CC3c4[nH]c5cc(OC)ccc5c4CCN3CC2CC(OC)C1OC,2.934700000000001,0.755263859904024,4.178329486279482
371,CCCCCC(=O)OCC(=O)C1C(C)CC2C3CC(F)C4=CC(=O)C=CC4(C)C3C(O)CC21C,4.767900000000005,0.4247426145133699,4.737081836839891
372,CCCC(O)Cl,1.3437,0.5296798373940849,3.339769003820904
373,C[C@@H]1CC2C3C[C@H](F)C4=CC(=O)C=CC4(C)[C@@]3(F)C(O)CC2(C)C1C(=O)CO,2.728800000000001,0.7553196363126067,4.903688775431894
374,CC1(C)O[C@@H]2C[C@H]3C4C[C@H](F)C5=CC(=O)C=CC5(C)[C@@]4(Cl)[C@@H](Cl)CC3(C)[C@]2(C(=O)CCl)O1,5.129100000000005,0.4883812705614352,5.229052082288602
375,C[C@H](N)C(=O)c1ccccc1,1.2165000000000001,0.6422286722896542,2.0825987918319733
376,COc1ccc(N2C[C@H](CN3CCC(O)(c4ccc5c(c4)OCO5)CC3)OC2=O)cc1,2.7327000000000004,0.787431035205267,2.985497543752526
377,CCCCCC(C)C(C)c1cc(OC(=O)CCCN2CCCCCC2)c2c(c1)OC(C)(C)C1=C2CC(C)CC1,9.312700000000001,0.16009985409277414,3.9771357220398844
378,CCCC(C)C1(CCSC)C(=O)NC(=S)NC1=O,1.6929999999999998,0.5767336783043803,3.759886766142043
379,CN1CCCCC1CCN1c2ccccc2Sc2ccc(S(C)(=O)=O)cc21,4.567200000000004,0.749346893036963,2.8976422195705673
380,COc1ccccc1N1CCN(CCCC(=O)c2ccc(F)cc2)CC1,3.6194000000000024,0.7096273467096595,1.8415390279252009
381,COc1cc(C(=O)/C=C/N2CC=CC2)cc(OC)c1OC,2.2805999999999997,0.4566407986106753,2.7757742592848427
382,CNCCCN1Cc2ccccc2Cc2ccccc21,3.206900000000002,0.8549162472710946,2.116198715860799
383,CNC1CCC(c2ccccc2)c2ccccc21,3.8728000000000034,0.8356584452334206,2.7284854942104317
384,CCCCNc1c(C(=O)OCC)c(C)nc2c1cnn2CC,3.148320000000002,0.6283660799399212,2.421338489595332
385,CN1C(=O)CN=C(c2ccccc2F)c2cc(Cl)ccc21,3.292900000000002,0.7953754116327587,2.234657179754203
386,CCC(C(N)=O)N1CCCC1=O,-0.12729999999999997,0.6410492145588488,2.849372516942582
387,FC(Br)C(F)(F)F,2.2391999999999994,0.3966205033876523,3.3745943497511295
388,OCCOC1CCN(CCCN2c3ccccc3Sc3ccc(C(F)(F)F)cc32)CC1,5.171500000000005,0.6271479514920877,2.5664100130233134
389,Cc1ccccc1,1.99502,0.4588062796575455,1.0
390,COc1ccc(CCN2CCN(c3cccc(Cl)c3)CC2)cc1OC,3.7219000000000024,0.7834238428719573,1.814253159253564
391,O=c1[nH]oc2c1CCNC2,-0.3864000000000001,0.5158198681556664,3.4567176425375825
392,Oc1ccc2c(c1)[C@@]13CCCC[C@@]1(O)[C@@H](C2)N(CC1CCC1)CC3,3.3656000000000015,0.875191488403328,4.372234930624522
393,CC(=O)Nc1ccc(OC(=O)[C@@H]2CCC(=O)N2)cc1,0.8289999999999996,0.6238565605944447,2.5161717531956906
394,COc1ccc2c(c1)N(CCCN(C)C)c1ccccc1S2,4.249600000000004,0.819247768443118,2.1318442363076358
395,CCC(=O)N(c1ccc(Cl)c(Cl)c1)[C@@H]1CCC[C@H]1N(C)C,4.2191000000000045,0.8256683925739744,3.195971835469111
396,O=C(CCCN1CCC2(CC1)C(=O)NCN2c1ccccc1)c1ccc(F)cc1,3.217100000000001,0.7634482407563192,2.802196563869156
397,C=CCN1CCCC1CNC(=O)c1cc(S(=O)(=O)NC)c(N)cc1OC,0.565700000000002,0.44730480321838806,3.0155479449984037
398,CC1(C)S[C@@H]2[C@H](NC(=O)[C@H](C(=O)[O-])c3ccsc3)C(=O)N2[C@H]1C(=O)[O-].[Na+].[Na+],-8.11340000000001,0.2801291022396541,4.88015265680495
399,CCC(=O)OCC(=O)[C@@]1(OC(=O)CC)[C@@H](C)C[C@H]2[C@@H]3CCC4=CC(=O)C=C[C@]4(C)[C@@]3(F)[C@@H](O)C[C@@]21C,3.8175000000000026,0.5482119854331166,4.729651654650503
400,CCOC(=O)C1(c2ccccc2)CCN(CCCNc2ccccc2)CC1,4.085500000000003,0.5644353165337911,2.121637938468986
401,CCCC1(C)COB(c2ccc(C)cc2)OC1,2.5434200000000002,0.7453580109268675,3.136684851071326
402,CCCCC(=O)O[C@]1(C(=O)CO)CCC2C3CC(F)C4=CC(=O)C=CC4(C)C3C(O)CC21C,3.2467000000000024,0.5879665236850706,4.743701443083339
403,CC(Cc1ccccc1)N(C)Cc1ccco1,3.3426000000000027,0.7814841175971474,2.3337539541727867
404,CCCCC(=O)OC1(C(=O)CO)CCC2C3CCC4=CC(=O)C=CC4(C)C3C(O)CC21C,3.298700000000002,0.6098621575648964,4.493820255853313
405,OCCN1CCN(CC/C=C2/c3ccccc3Sc3ccc(Cl)cc32)CC1,4.2363000000000035,0.6926572562952837,2.4988211906598323
406,CC(C)(CO)[C@@H](O)C(=O)NCCCC(=O)O,-0.6532,0.43694413979919694,2.759966368031293
407,CN(C)S(=O)(=O)c1ccc2c(c1)N(CCCN1CCC(CCO)CC1)c1ccccc1S2,4.024100000000003,0.6221224017291515,2.539390821009631
408,CC(C)O,0.38710000000000006,0.42840479403162834,1.7383038156987496
409,C=C[C@@H]1CNCC[C@H]1CCCc1ccnc2ccc(OC)cc12,3.977800000000003,0.8195894390273724,3.333859443687855
410,OCCN1CCN(CCCN2c3ccccc3Sc3ccc(Cl)cc32)CC1,3.942700000000003,0.7886610933771961,2.2788180747883615
411,C/C=C/C(=O)N(CC)C(CC)C(=O)N(C)C,1.2778,0.662510822509547,3.2895378502076538
412,CN1CCN(CCCN2c3ccccc3Sc3ccc(S(=O)(=O)N(C)C)cc32)CC1,3.177100000000001,0.6793152813864477,2.4110157521952047
413,CC(=O)Nc1nnc(S(N)(=O)=O)s1,-0.8561000000000003,0.6318586926732331,2.460960564488465
414,CCC1(CC)C(=O)NC(=O)N(C)C1=O,0.5009999999999999,0.6569080951365892,2.7668421241536763
415,CCCCC1(CCOC(N)=O)C(=O)NC(=O)NC1=O,0.014399999999999913,0.5863462323304868,2.8857340113978207
416,C[C@H]1CCCC[C@@]1(c1cccs1)N1CCCCC1,4.639400000000005,0.7511175824665836,3.4262219238185594
417,COc1ccc2c3c1O[C@H]1C(=O)CC[C@@]4(O)[C@@H](C2)N(C)CC[C@]314,1.0481999999999998,0.839282607029206,4.979568492526502
418,C#C[C@]1(O)CC[C@H]2[C@@H]3[C@H](C)CC4=C(CCC(=O)C4)[C@H]3CC[C@@]21C,3.8826000000000036,0.5442169972167846,4.68273032837819
419,CC(=O)OCC1=CO[C@@H](OC(=O)CC(C)C)[C@H]2C1=C[C@H](OC(=O)CC(C)C)[C@]21CO1,2.6621000000000006,0.33431681470324925,5.081937280601439
420,CN1CCC(=C2c3ccccc3C(O)c3ccccc32)CC1,3.609200000000002,0.8012883234644445,2.418999078340603
421,CCCC(=O)N(C)Cc1c(-c2ccc(Cl)cc2)nc2ccccn12,4.413200000000004,0.6888435792188432,2.2421846139447705
422,O=C(NC(=O)c1ccccc1)NC1CCN(Cc2ccc3ccccc3c2)CC1,3.943800000000003,0.7127291368404797,1.9253898083990535
423,C[C@@H]1C[C@H]2[C@@H]3C[C@H](F)C4=CC(=O)C=C[C@]4(C)[C@H]3[C@@H](O)C[C@]2(C)[C@@]1(O)C(=O)CO,1.7515999999999998,0.6656095476516461,4.834864160047278
424,CC(C)(O)C(C)(O)c1cccc(Cl)c1,2.3184000000000005,0.7934888151509781,2.834399041226881
425,FC(F)OC(Cl)C(F)(F)F,2.3528000000000002,0.47287129526793736,4.001714745287179
426,ClC=C(Cl)Cl,2.5017000000000005,0.47377505861481944,3.64463117949116
427,CCCC(CCC)C(=O)O,2.2874,0.6423719745530849,2.0289841595749216
428,COCCCC/C(=N\OCCN)c1ccc(Cl)cc1,2.836100000000001,0.4308925203789307,2.338351507627081
429,Nc1ccn([C@H]2CC[C@@H](CO)O2)c(=O)n1,-0.5046000000000002,0.6875458801290977,3.417990020943229
430,CNC[C@H](O)CC12CCC(c3ccccc31)c1ccccc12,3.1822000000000017,0.9072061089263285,3.9050392711794935
431,CS(=O)(=O)O.Oc1ccc2[nH]cc(CCCCN3CC=C(c4ccccc4)CC3)c2c1,4.489500000000004,0.3862977281478181,2.4936798309233517
432,CN1C(=O)CN=C(c2ccccc2)c2cc(Cl)ccc21,3.153800000000002,0.79164533623487,2.120641301464312
433,CCCC(=O)O[C@]1(C(=O)COC(C)=O)CC[C@H]2[C@@H]3C[C@H](F)C4=CC(=O)C=C[C@]4(C)[C@@]3(F)[C@@H](O)C[C@@]21C,3.5195000000000025,0.5473104243510836,4.796882582485555
434,CCN(C(C)=O)c1cccc(-c2ccnc3c(C#N)cnn23)c1,2.6407800000000003,0.745264084409057,2.582940246346615
435,O=C(Cc1ccc(Cl)c(Cl)c1)N1CCc2ccccc2[C@H]1CN1CCCC1,4.757700000000004,0.7352448491442821,2.667939091928977
436,CS(=O)(=O)c1ccc2c(c1)N(CCCN1CCC(C(N)=O)CC1)c1ccccc1S2,3.2802000000000016,0.7346739996322458,2.418324892466698
437,CN1CCN(C2=Cc3cc(Cl)ccc3/C(=C\C#N)c3ccccc32)CC1,4.354180000000005,0.7070669820150316,2.662370412540584
438,CN1C(=O)C(O)N=C(c2ccccc2F)c2cc(Cl)ccc21,2.611300000000001,0.8784655827246939,2.827785066189344
439,FC(F)OC(F)(F)C(F)Cl,2.3528000000000002,0.48329409286155045,3.9533512837487184
440,O=C1CCCN1CCCCN1CCN(c2cc(C(F)(F)F)ccn2)CC1,2.625000000000001,0.7220577038314752,2.3437995518337242
441,Cc1nn(C)c2c1N(c1ccccc1)C(=O)CC(=O)N2C,1.7597199999999997,0.7497275508277821,2.6244539652597556
442,CC1CCCC1,2.1965000000000003,0.42179147361668384,1.5726834894626336
443,Cc1ccc(Cc2ccccc2)c(N2CCNCC2)c1,2.995420000000001,0.9184934290889033,1.923274856669142
444,CCCCCCCCCCOc1c(OC)cc(C(N)=O)cc1OC,4.322200000000003,0.5441005297062502,1.9556022643803743
445,CN1CC[C@]23c4c5ccc(O)c4O[C@@]2(C)C(=O)CC[C@H]3[C@H]1C5,2.0204,0.7960950293281759,5.287998692505793
446,NCCCN1c2ccccc2CCc2ccccc21,3.272100000000002,0.9080698598193961,1.909228339128914
447,CCC(C)C1(CC)C(=O)NC(=O)NC1=O,0.7948999999999999,0.6791427219817272,3.3836385565871803
448,CN1C(=O)CN2CCc3ccccc3C2c2cc(Cl)ccc21,3.2639000000000014,0.7452224527940338,2.7871165379962246
449,CC(=O)OCC(=O)C1(O)C(C)CC2C3CC(F)(F)C4=CC(=O)C=CC4(C)C3(F)C(O)CC21C,2.7117000000000004,0.615543325925443,4.9869556075395725
450,O=C1CN=C(c2ccccc2Cl)c2cc([N+](=O)[O-])ccc2N1,3.037700000000001,0.682474275950086,2.3784121909336555
451,CC(C)(C)NCC(O)COc1cccc2c1C[C@H](O)[C@H](O)C2,0.6347999999999998,0.6414681234920219,3.4709656528716284
452,CN(C)CC(CN1c2ccccc2Sc2ccccc21)N(C)C,3.781100000000003,0.826193972060926,2.894185802473075
453,CN(C)Cc1ccnc(-c2cccc(NC3N=CC=C3[N+](=O)[O-])c2)c1,2.7932000000000006,0.6471385674496354,3.4208684999454055
454,Cc1[nH]ccc2c1[nH]c1cc(=O)ccc12,2.31782,0.5718262114614975,2.7844282887502505
455,CNCCCC1c2ccccc2C=Cc2ccccc21,4.301900000000003,0.8108521414626005,2.3646315711411123
456,Cc1cc(C)cc(OCC2CNC(=O)O2)c1,1.7906399999999998,0.8460710155484403,2.842106930883075
457,CN1C2CCC1CC(OC(=O)C(CO)c1ccccc1)C2,1.9308999999999996,0.8605899449393155,3.9369268841904193
458,COc1cc([C@@H]2c3cc4c(cc3[C@@H](OC3OC5COC(c6cccs6)OC5C(O)C3O)[C@H]3COC(=O)[C@H]23)OCO4)cc(OC)c1O,2.752900000000001,0.33279567772779733,5.002373782095386
459,CCN(CC)C(=O)CNC(=O)c1cc(OC)c(OC)c(OC)c1,1.3105999999999998,0.7800410258965664,1.9831085074651504
460,CN(C)CCOC(C)(c1ccccc1)c1ccccn1,2.923300000000001,0.8067475103694609,2.7524148177278
461,CC(C)(C)NCC(O)c1ccccc1F,2.2472000000000003,0.8033431633971991,2.450328882030968
462,C[C@]12C=C(Br)C(=O)C=C1[C@H](F)C[C@H]1[C@@H]3CCC(O)(C(=O)CO)[C@@]3(C)C[C@H](O)C12F,2.3203,0.5702568506654004,4.943007297228422
463,OCCN1C=CN(CCCN2c3ccccc3C=Cc3ccccc32)C=CC1,4.293400000000004,0.817961247968899,3.0516266364142854
464,COc1ccc(Cl)c2c1CCCC2N(C)C,3.287600000000002,0.7854666778169448,2.804942805008949
465,CC1(C)O[C@@H]2C[C@H]3[C@@H]4C[C@H](F)C5=CC(=O)CC[C@]5(C)[C@H]4[C@@H](O)C[C@]3(C)[C@]2(C(=O)CO)O1,2.498700000000001,0.691028101051215,4.97704106623976
466,CCOC(=O)C1(c2ccccc2)CCC=CC1N(C)C.[Cl-],-0.22829999999999795,0.5685010169914965,3.579500580408382
467,Nc1nc2ccc(OC(F)(F)F)cc2s1.[Cl-],-0.21890000000000032,0.7788023228597785,2.443026497326354
468,CN1CCN(CC/C=C2\c3ccccc3Sc3ccc(S(=O)(=O)N(C)C)cc32)CC1,3.4707000000000026,0.6041780809786208,2.6125408200685083
469,CN(C)CCc1ccccn1,1.1857,0.6430190665178422,1.8093035621036826
470,CN1CCN2c3ccccc3Cn3cccc3C2C1.O=C(O)/C=C\C(=O)O,2.0547,0.7883559916111457,3.137784498344425
471,C=CCC1(C(C)C#CCC)C(=O)NC(=O)N(C)C1=O,1.3066,0.47348972477403223,4.212247296213281
472,Cc1c(C)c2ccc(OCc3nnc(C(C)C)s3)cc2oc1=O,3.9637400000000023,0.6773892657756412,2.4852813595122942
473,CC(COc1ccccc1)NN,0.9172000000000002,0.5161658885951212,2.4227821888882826
474,Nc1cccc(-n2ccccc2=O)c1,1.4197,0.6845177168935109,1.9511621241536758
475,Clc1ccc2c(c1)[C@H]1CCNC[C@@H]1c1ccccc1O2,4.306400000000003,0.7788143789676533,3.0356385757203572
476,O=C(O)/C=C\C(=O)O.c1csc(Cc2ccccc2OCC2CNCCO2)c1,2.4179000000000004,0.6077048887470982,3.0057781155820216
477,CC(C)NCC(O)c1ccc(NS(C)(=O)=O)cc1,1.0895000000000001,0.7241218527557277,2.45313580460358
478,CN(C)CCOC(C)(c1ccccc1)c1ccccn1.O=C(O)CCC(=O)O,2.8591000000000006,0.6811649986882307,2.8753445816159875
479,C#CCN1C(=O)CN=C(c2ccccc2)c2cc(Cl)ccc21,3.1572000000000022,0.7844421215880344,2.4206640165274163
480,CCC(=O)[C@@]1(C)[C@H](C)C[C@H]2[C@@H]3CCC4=CC(=O)C=C[C@]4(C)[C@H]3[C@@H](O)C[C@@]21C,4.496500000000005,0.7786891088285056,4.732809267847792
481,OCCN1CCN(CCCN2c3cc(C(F)(F)F)ccc3Sc3sccc32)CC1,4.369600000000004,0.7164270977397651,2.7712738186481953
482,O=C1CN=C(c2ccccc2)c2cc(Cl)ccc2N1CCOCC1CC1,3.950600000000003,0.7243004964545942,2.373268258694429
483,CCCSc1ccc2[nH]c(NC(=O)OC)nc2c1,3.2433000000000005,0.8327124144827058,2.4189149735032274
484,O=C(NCCCOc1cccc(CN2CCCCC2)c1)c1ccccc1,3.871400000000003,0.7334162734435742,1.7416926263267989
485,CCCCCn1ccc(=O)c(O)c1C,2.05252,0.7470253569482704,2.290106496623311
486,CCC1(c2ccccc2)NCC(=O)NC1=O,0.5379000000000002,0.7121600169157924,3.010337700113845
487,CCC1(c2ccccc2)C(=O)NCNC1=O,0.5378999999999999,0.7116448391760646,2.770388475348332
488,CNCCC=C1c2ccccc2C2CC2c2ccccc21,4.312300000000003,0.8229478476899434,3.224251958232596
489,Cc1ncc([N+](=O)[O-])n1CCO,0.09201999999999994,0.5158680082581498,2.6487954075616837
490,CC(=O)NCC1(c2ccccc2)CCN(CCCC(=O)c2ccc(F)cc2)CC1,3.9585000000000035,0.6874187669543711,2.251178915960521
491,CSC(=O)C1(O)C(C)CC2C3CCC4=CC(=O)C=CC4(C)C3(F)C(O)CC21C,3.223900000000002,0.6968597901732201,4.7869248654248056
492,CN1C(=O)OC(C)(C)C1=O,0.37359999999999993,0.4919347410358442,2.7636189051370526
493,C#CC1(OCC(O)CN2CCN(c3ccc(F)cc3)CC2)CCCCC1,2.6613000000000007,0.791528252958675,3.060627329613789
494,c1ccc(-c2cc(CCC3CCNCC3)c3ccccc3n2)cc1,4.834000000000003,0.7451794093752873,2.0656039578361725
495,CN1CC[C@]23c4c5ccc(OC(=O)c6cccnc6)c4O[C@H]2[C@@H](OC(=O)c2cccnc2)C=C[C@H]3[C@H]1C5,3.3664000000000023,0.3092443070095371,5.28816579183594
496,CCSc1ccc2c(c1)N(CCCN1CCN(C)CC1)c1ccccc1S2,5.0388000000000055,0.6278219543332592,2.432617295820494
497,CCCC(C(=O)c1ccc(C)cc1)N1CCCC1,3.4422200000000025,0.7405963972648976,2.4096795828841238
498,CCC1(c2ccc(N)cc2)CCC(=O)NC1=O,1.3532,0.5969362176118971,2.89801580660607
499,CN1CCN(CC(=O)[C@@]2(O)CC[C@H]3[C@@H]4CCC5=CC(=O)C=C[C@]5(C)[C@H]4[C@@H](O)C[C@@]32C)CC1,1.812699999999999,0.693993816165532,4.396218059734825
500,O=C1CCCN1CCCCN1CCN(c2cc(C(F)(F)F)cc(Cl)n2)CC1,3.278400000000002,0.5386091738868428,2.4739565286396417
501,CN[C@H]1CC[C@@H](c2ccc(Cl)c(Cl)c2)c2ccccc21.[Cl-],2.183600000000001,0.8827533133481897,3.0814900261713305
502,CCOC(=O)NNC(C)c1ccccc1,1.9982999999999997,0.7439413095897325,2.42955157433866
503,Oc1ccc2c(c1)C13CCCCC1C(C2)NCC3,2.7382,0.7340865382327617,4.267309923422154
504,CC(=O)[C@H]1CC[C@H]2[C@@H]3CC[C@@H]4C[C@H](O)CC[C@]4(C)[C@H]3CC[C@]12C,4.595200000000005,0.7672110598231308,4.0538952668129
505,C[C@]12C=CC(=O)C=C1[C@@H](F)C[C@@H]1[C@@H]2[C@@H](O)C[C@@]2(C)[C@H]1CC[C@]2(O)C(=O)CO,1.5056,0.6770422256433893,4.695168593453693
506,CCOC(=O)c1cnc2c(cnn2CC)c1NN=C(C)C,2.4356,0.5191515705955546,2.6684584745435753
507,CCOc1ccccc1O[C@@H](c1ccccc1)[C@@H]1CNCCO1,3.1938000000000004,0.8888730494256724,2.897212867744045
508,CNCCCN1c2ccccc2Sc2ccc(Cl)cc21,4.552200000000004,0.8341331318159722,2.163996431996212
509,CCNC(=O)N1CCN(CCCC(c2ccc(F)cc2)c2ccc(F)cc2)CC1,4.224000000000004,0.7539138280338623,2.1560424933469893
510,O=C1Cc2cc(CCN3CCN(c4nsc5ccccc45)CC3)c(Cl)cc2N1,3.809000000000002,0.7074872979003035,2.6115062313418385
511,c1ccc2c(c1)cc1n2CCCNC1,2.134599999999999,0.6666485483100434,2.4193124538240056
512,Cc1cccc2c1Oc1ccccc1C1(O)CCN(C)CC21,3.4076200000000023,0.8082366349098744,3.3612494900952994
513,CN1CCC(=C2c3ccccc3CCc3sccc32)CC1,4.374200000000004,0.6971894339624279,2.5529587569085965
514,NC(=O)CN1C(=O)C(c2ccccc2)c2ccccc21,1.6504,0.917727425320048,2.4692245343269903
515,COc1ccc2c(c1)N(C[C@H](C)CN(C)C)c1ccccc1S2,4.495600000000004,0.8027021109078473,2.7917498261417126
516,C[C@@H]1CC2C3CCC4=CC(=O)C=CC4(C)[C@@]3(Cl)C(Cl)CC2(C)[C@@]1(O)C(=O)CO,3.4115000000000024,0.662817209517144,4.791809788501728
517,CCOC(=O)C1(c2ccccc2)CCN(CCc2ccc(N)cc2)CC1,3.4082000000000017,0.6393437724099448,2.1591882586944298
518,CCCC(C)C1(CC)C(=O)NC(=O)NC1=O,1.1849999999999998,0.7067836690245719,3.332149348465494
519,CC(=O)OCC(=O)[C@@]1(O)[C@H](C)C[C@H]2[C@@H]3C=C(C)C4=Cc5c(cnn5-c5ccccc5)C[C@]4(C)[C@H]3[C@@H](O)C[C@@]21C,4.300600000000004,0.5718657623662142,4.806142122408533
520,COc1cccc([C@@]2(O)CCCC[C@@H]2CN(C)C)c1.[Cl-],-0.3613999999999984,0.8239530162091366,3.1918041993622523
521,C[N+](C)([O-])CCC=C1c2ccccc2CCc2ccccc21,4.181200000000003,0.6147201459339898,2.630481598945
522,CNCCCC1(c2ccccc2)SC(C)(C)c2ccccc21,4.911700000000004,0.7872826382134601,3.2814857687654566
523,CCCN1CCCC1CNC(=O)c1cc(S(N)(=O)=O)ccc1OC,0.946800000000001,0.7580345185836946,2.6014981126716155
524,COc1cc2c(cc1OC)C1CC(=O)C(CC(C)C)CN1CC2,3.238100000000002,0.854414611285797,3.240854298739521
525,Cc1nc2n(c(=O)c1CCN1CCC(C(=O)c3ccc(F)cc3)CC1)CCS2,2.9339200000000014,0.5696076288710257,2.552569275431896
526,CCS[C@]1(SC)CC[C@H]2[C@@H]3CCC4=CC(=O)C=C[C@]4(C)[C@@]3(F)[C@@H](O)C[C@@]21C,5.169600000000006,0.6514811373362351,4.983579665240588
527,CCC(=O)O[C@](Cc1ccccc1)(c1ccccc1)[C@H](C)CN(C)C,4.275500000000004,0.6725578996267864,3.0609520943599113
528,C=CCC1(CC(=C)Br)C(=O)NC(=O)NC1=O,1.2135999999999998,0.6026122095371895,3.3828638599637166
529,CO[C@H](C(=O)[C@@H](O)[C@@H](C)O)[C@@H]1Cc2cc3cc(O[C@H]4C[C@@H](O[C@H]5C[C@@H](O)[C@H](O)[C@@H](C)O5)[C@H](O)[C@@H](C)O4)c(C)c(O)c3c(O)c2C(=O)[C@H]1O[C@H]1C[C@@H](O[C@H]2C[C@@H](O[C@H]3C[C@](C)(O)[C@H](O)[C@@H](C)O3)[C@H](O)[C@@H](C)O2)[C@H](O)[C@@H](C)O1,-0.24927999999998884,0.10953815887897667,7.063259890563561
530,CCN1CCC[C@H]1CNC(=O)c1c(OC)ccc(Br)c1OC,2.6804000000000006,0.835602403925724,2.7516198707290656
531,CCC(=O)N(c1ccccc1F)C1(c2ccccc2)CCN(CCn2nnn(CC)c2=O)CC1.[Cl-],0.03730000000000255,0.43541153962075096,3.051594282569548
532,CCCNC(=O)N1CC(c2ccccc2)OC1=O,2.2995,0.8924590743547927,2.7206696281329936
533,CCCCCN[C@@]12C=CC(=O)[C@@H]3Oc4c(O)ccc5c4[C@@]31CCN(C)[C@@H]2C5,2.3087,0.7812666632287216,5.4675517950462655
534,CC12CCCCCC(Cc3ccc(O)cc31)C2N,3.113600000000001,0.7374329703078921,4.125593078890437
535,CN1CC[C@]23NC(=O)CC(c4cc(Cl)ccc4O2)C3C1,1.9838999999999998,0.7949552401916228,4.555439625951307
536,O=C(Cc1ccc(Cl)c(Cl)c1)N1CCn2ncnc2[C@H]1CN1CCCC1,2.806700000000001,0.8005407161160986,3.1719854834599435
537,COC(F)(F)C(F)Br,1.9161000000000001,0.6082780077747189,3.906315854675573
538,COc1ccc2c(c1)c(CC(=O)O)c(C)n2C(=O)c1ccc(Cl)cc1,3.9273200000000026,0.7678065120522066,2.077671303066275
539,CC1Oc2ccccc2CC1N(C)C,1.9402,0.6723400099981883,3.0769253999193635
540,O=C(CCCN1CCC(O)(c2ccc(Cl)c(C(F)(F)F)c2)CC1)c1ccc(F)cc1,5.444400000000005,0.4768429415159299,2.410593773238654
541,O=C(Cc1ccc(Cl)c(Cl)c1)N1CCc2occc2[C@H]1CN1CC[C@@H](O)C1,3.321500000000002,0.8420746473712121,3.4399947520892225
542,CC(CN1c2ccccc2Sc2ccccc21)N(C)C,4.239400000000003,0.8321538928687809,2.646234250926181
543,c1ccc(NCCCOc2cccc(CN3CCCCC3)c2)nc1,3.948500000000003,0.7458457163327956,1.9292693424515566
544,CCC(C)=O,0.9854,0.4510508050249618,1.8455626480226286
545,CCOC(=O)N(CCN(C)C)c1cccc(C(F)(F)F)c1,3.2299000000000015,0.8370414594925688,2.2386345544981037
546,O=C(O)C1CCN1C12CC3CC(CC(C3)C1)C2,2.1140999999999996,0.7966536138831026,4.397922468810728
547,CNCCc1ccccn1,0.8434999999999999,0.6658018289589026,1.8622518600442142
548,COc1cc(C(=O)N2CCCCCCC2)cc(OC)c1OC,3.1187000000000014,0.8572832156517337,1.7824893621495352
549,Clc1ccc2c(c1)C(N1CCNCC1)=Nc1ccccc1O2,3.4292000000000025,0.8093498766353517,2.4014026471275844
550,Cc1cccc(Cl)c1NC(=O)/C=C1\SCC(=O)N1C,2.6335200000000007,0.8536611537445756,2.672827937607357
551,C1=C(CC2=NCNC2)CCc2ccccc21,2.4080000000000004,0.799535801873723,3.3074571291944856
552,O=C1NCCN1C1CCN(CCC2COc3ccccc3O2)CC1,1.7060999999999997,0.9124772442942276,2.912799363533429
553,NC(N)=O,-0.9762000000000002,0.3705073514035382,1.9319076618525965
554,CC[C@H](NC(=O)c1c(C)c(-c2ccccc2)nc2ccccc12)c1ccccc1,6.091320000000005,0.45500495824376636,2.3966707396933327
555,NC(=O)CCCN/C(=C1\C=C(F)C=CC1=O)c1ccc(Cl)cc1,2.898500000000001,0.6203632977477191,2.5813022729738346
556,O=C(CCCN1CCN(c2cc3ccccc3cn2)CC1)c1ccc(F)cc1,4.159000000000003,0.6046467514325076,2.0764908467264522
557,CCOC(=O)c1ncn2c1CN(C)C(=O)c1cc(F)ccc1-2,1.7736999999999998,0.793247744649229,2.5284532436936917
558,CN1c2ccccc2C(c2ccccc2F)=NCC1CNC(=O)c1ccsc1,3.9730000000000025,0.7289261344569876,2.9727430942145006
559,O=C(CCCl)NCc1ccccc1,1.9317,0.734809007214607,1.5338123071813836
560,CC(=O)Nc1ccc(O)cc1,1.3505999999999998,0.5950261967780849,1.4072987978356917
561,CN1CCN2c3ncccc3Cc3ccccc3C2C1,2.4789000000000003,0.7292796247091088,2.8223307307175762
562,CN1CCN(C(=O)OC2c3nccnc3C(=O)N2c2ccc(Cl)cn2)CC1,1.5679999999999998,0.7705081180627318,3.1959872745156224
563,O=C1CSC2(CCN(CCCN3c4ccccc4Sc4ccc(Cl)cc43)CC2)N1.[Cl-],1.9919,0.7232091785472857,3.4436309498113955
564,CCN(CC)C(=O)N[C@H]1C[C@@H]2c3cccc4[nH]cc(c34)C[C@H]2N(C)C1,2.931700000000001,0.9025268953741734,3.6340627951334534
565,CC1CC2C3CCC4=CC(=O)C=CC4(C)[C@@]3(F)C(O)CC2(C)[C@@]1(O)C(=O)CCl,3.1422000000000017,0.6856465614822045,4.723313788501729
566,CC(Oc1cccc2ccccc12)/C(N)=N/O,2.3535,0.3678808941749418,2.4837994604522233
567,C=C1Cc2c(CCN(CCC)CCC)ccc(O)c2N1,3.5384000000000024,0.7465514214546787,2.967647663523307
568,CCCC(=O)Nc1ccc(OCC(O)CNC(C)C)c(C(C)=O)c1,2.3655,0.5710137425129463,2.5682901944360044
569,CCC1(CC)C(=O)NC(=O)N(c2ccccc2)C1=O,2.0758,0.8459680909150493,2.3179882926369437
570,CO/N=C(\C(=O)N[C@H]1C(=O)N2C(C(=O)[O-])=C(COC(C)=O)CS[C@@H]12)c1csc(N)n1.[Na+],-4.953199999999996,0.127146261533096,4.171529982148437
571,CC(=O)[C@H]1CC[C@H]2[C@@H]3CC[C@H]4C[C@](C)(O)CC[C@]4(C)[C@H]3CC[C@]12C,4.985300000000005,0.7346190222392026,4.278792362514399
572,CC1C2Cc3ccc(O)cc3C1(C)CCN2CC1CC1,3.3264000000000022,0.8916299429541983,4.167756861347489
573,CCc1cc2c(s1)-n1c(C)nnc1CN=C2c1ccccc1Cl,4.2040200000000025,0.6999722373289553,2.751278234512295
574,CCCNC(=O)c1ccc2c(c1)N([C@H](C)CN1CCCC1)c1ccccc1S2,4.913400000000005,0.753507986113022,2.8367807010521062
575,NC(=O)N1c2ccccc2CC(=O)c2ccccc21,2.6422000000000008,0.7829578147216556,2.158277148652722
576,O=C1CC2(CCCC2)CC(=O)N1CCCCN1CCN(c2ncccn2)CC1,2.0881999999999996,0.551662995519089,2.9974214973831472
577,Fc1ccc([C@@H]2CCNC[C@H]2COc2ccc3c(c2)OCO3)cc1,3.326500000000002,0.9339413767145556,2.9857935445444372
578,CCOc1ccccc1OCC1CNCCO1,1.4525,0.8411561496817551,2.5051616527599148
579,CC(=O)OCC(=O)[C@@]12OC(C)(C)O[C@@H]1CC1C3C[C@H](F)C4=CC(=O)C=CC4(C)[C@H]3C(O)CC12C,2.8455000000000013,0.6255831255168122,4.985907513827699
580,CCN(CC)CCn1cnc2c1c(=O)n(C)c(=O)n2C,-0.2244999999999988,0.758533826950547,2.4111004107760543
581,C[C@@H]1C[C@H]2[C@H]3[C@H]([C@@H](O)C[C@]2(C)[C@@]1(O)C(=O)CO)[C@@]1(C)C=CC(=O)C=C1C[C@H]3Cl,2.0208999999999997,0.6074783648287087,4.920883852354971
582,CCN(CC)c1ccc(NC(=O)c2ccccc2N)c(C)c1,3.675720000000002,0.8277504168488212,1.9052696371363158
583,CN1C[C@H](CN2CC(=O)NC(=O)C2)C=C2c3cccc4[nH]cc(c34)C[C@H]21,0.9960000000000008,0.79310360138024,3.829145072921655
584,O=C(Cc1ccc(Cl)c(Cl)c1)N1CCc2sccc2[C@H]1CN1CCCC1,4.819200000000005,0.7230975516720277,2.8456944065368663
585,CN1CC[C@]23c4c5ccc(O)c4O[C@H]2C(=O)CC[C@H]3[C@H]1C5,1.6302999999999999,0.7869335307088954,4.9922045885055475
586,Cn1nc(-c2cccc(F)c2)n(C)c1=S,2.2941900000000004,0.6921868751363387,2.361637434000915
587,CCC1C(C)=NN=C(c2ccc(OC)c(OC)c2)c2cc(OC)c(OC)cc21,4.441500000000004,0.7408898084471939,3.0397952309666376
